<?xml version="1.0" encoding="utf-8"?>
<!DOCTYPE hibernate-mapping PUBLIC "-//Hibernate/Hibernate Mapping DTD 3.0//EN"
"http://hibernate.sourceforge.net/hibernate-mapping-3.0.dtd">
<!-- 
    Mapping file autogenerated by MyEclipse Persistence Tools
-->
<hibernate-mapping>
    <class name="com.liuzu.beans.Users" table="users" schema="dbo" catalog="ezui">
        <id name="id" type="java.lang.Integer">
            <column name="id" />
            <generator class="assigned" />
        </id>
        <property name="username" type="java.lang.String">
            <column name="username" not-null="true" />
        </property>
        <property name="password" type="java.lang.String">
            <column name="password" not-null="true" />
        </property>
        <property name="name" type="java.lang.String">
            <column name="name" not-null="true" />
        </property>
        <property name="age" type="java.lang.Integer">
            <column name="age" not-null="true" />
        </property>
    </class>
</hibernate-mapping>
