<?xml version="1.0" encoding="utf-8"?>
<!DOCTYPE hibernate-mapping PUBLIC "-//Hibernate/Hibernate Mapping DTD 3.0//EN"
"http://hibernate.sourceforge.net/hibernate-mapping-3.0.dtd">
<!-- 
    Mapping file autogenerated by MyEclipse Persistence Tools
-->
<hibernate-mapping>
    <class name="com.wb.beans.Paperinfo" table="paperinfo" schema="dbo" catalog="ex">
        <id name="piid" type="java.lang.Integer">
            <column name="pIId" />
            <generator class="assigned" />
        </id>
        <property name="qid" type="java.lang.Integer">
            <column name="qId" not-null="true" />
        </property>
        <property name="pid" type="java.lang.Integer">
            <column name="pId" not-null="true" />
        </property>
    </class>
</hibernate-mapping>
