<?xml version="1.0" encoding="utf-8"?>
<!DOCTYPE hibernate-mapping PUBLIC "-//Hibernate/Hibernate Mapping DTD 3.0//EN"
"http://hibernate.sourceforge.net/hibernate-mapping-3.0.dtd">
<!-- 
    Mapping file autogenerated by MyEclipse Persistence Tools
-->
<hibernate-mapping>
    <class name="com.aikao.pojos.Juese" table="juese" schema="dbo" catalog="ex">
        <id name="jid" type="java.lang.Integer">
            <column name="jid" />
            <generator class="assigned" />
        </id>
        <property name="jname" type="java.lang.String">
            <column name="jname" not-null="true" />
        </property>
    </class>
</hibernate-mapping>
