<?xml version="1.0" encoding="utf-8"?>
<!DOCTYPE hibernate-mapping PUBLIC "-//Hibernate/Hibernate Mapping DTD 3.0//EN"
"http://hibernate.sourceforge.net/hibernate-mapping-3.0.dtd">
<!-- 
    Mapping file autogenerated by MyEclipse Persistence Tools
-->
<hibernate-mapping>
    <class name="com.aikao.pojos.Question" table="question" schema="dbo" catalog="ex">
        <id name="qid" type="java.lang.Integer">
            <column name="qId" />
            <generator class="native" />
        </id>
        <property name="type" type="java.lang.String">
            <column name="type" length="20" not-null="true" />
        </property>
        <property name="content" type="java.lang.String">
            <column name="content" length="100" not-null="true" />
        </property>
        <property name="optionA" type="java.lang.String">
            <column name="optionA" length="50" not-null="true" />
        </property>
        <property name="optionB" type="java.lang.String">
            <column name="optionB" length="50" not-null="true" />
        </property>
        <property name="optionC" type="java.lang.String">
            <column name="optionC" length="50" not-null="true" />
        </property>
        <property name="optionD" type="java.lang.String">
            <column name="optionD" length="50" not-null="true" />
        </property>
        <property name="hard" type="java.lang.String">
            <column name="hard" length="20" not-null="true" />
        </property>
        <property name="charpter" type="java.lang.String">
            <column name="charpter" length="20" not-null="true" />
        </property>
        <property name="answer" type="java.lang.String">
            <column name="answer" length="20" not-null="true" />
        </property>
        <property name="suid" type="java.lang.Integer">
            <column name="suid" not-null="true" />
        </property>
        <property name="ptype" type="java.lang.String">
            <column name="pType" length="50" not-null="true" />
        </property>
    </class>
</hibernate-mapping>
