<?xml version="1.0" encoding="utf-8"?>
<!DOCTYPE hibernate-mapping PUBLIC "-//Hibernate/Hibernate Mapping DTD 3.0//EN"
"http://hibernate.sourceforge.net/hibernate-mapping-3.0.dtd">
<!-- 
    Mapping file autogenerated by MyEclipse Persistence Tools
-->
<hibernate-mapping>
    <class name="com.aikao.pojos.Subject" table="subject" schema="dbo" catalog="ex">
        <id name="suId" type="java.lang.Integer">
            <column name="suId" />
            <generator class="assigned" />
        </id>
        <property name="sudirec" type="java.lang.String">
            <column name="sudirec" length="20" not-null="true" />
        </property>
        <property name="sustage" type="java.lang.String">
            <column name="sustage" length="20" not-null="true" />
        </property>
        <property name="suName" type="java.lang.String">
            <column name="suName" length="20" not-null="true" />
        </property>
    </class>
</hibernate-mapping>
