<?xml version="1.0" encoding="utf-8"?>
<!DOCTYPE hibernate-mapping PUBLIC "-//Hibernate/Hibernate Mapping DTD 3.0//EN"
"http://hibernate.sourceforge.net/hibernate-mapping-3.0.dtd">
<!-- 
    Mapping file autogenerated by MyEclipse Persistence Tools
-->
<hibernate-mapping>
    <class name="com.aikao.pojos.View1" table="view_1" schema="dbo" catalog="ex">
            <id name="suId" type="java.lang.Integer">
                <column name="suId" />
            </id>
            <property name="suName" type="java.lang.String">
                <column name="suName" length="20" />
            </property>
            <property name="sustage" type="java.lang.String">
                <column name="sustage" length="20" />
            </property>
            <property name="sudirec" type="java.lang.String">
                <column name="sudirec" length="20" />
            </property>
            <property name="num1" type="java.lang.Integer">
                <column name="num1" />
            </property>
            <property name="num2" type="java.lang.Integer">
                <column name="num2" />
            </property>
    </class>
</hibernate-mapping>
