<?xml version="1.0" encoding="UTF-8"?>
   <!DOCTYPE struts PUBLIC
    "-//Apache Software Foundation//DTD Struts Configuration 2.3//EN"
    "http://struts.apache.org/dtds/struts-2.3.dtd">
    <struts>
        <package name="login" extends="struts-default">      
            <action name="login_*" class="com.exam.action.LoginAction" method="{1}">
            <result name="index">index.jsp</result>
            <result name="login">login.jsp</result>
            <result name="admin">admin.jsp</result>
            </action>      
        </package>
        
         <package name="paper" extends="struts-default">      
            <action name="paper_*" class="com.exam.action.PaperAction" method="{1}">
              <result name="select">paper.jsp</result>
              <result name="teacher">teacher.jsp</result>
              <result name="actin" type="redirectAction">paper_tescselect</result>
              <result name="add">teacherupde.jsp</result>
              <result name="cha">teachercha.jsp</result>
            </action>      
        </package>
        
         <package name="question" extends="struts-default">      
            <action name="question_*" class="com.exam.action.QuestionBank" method="{1}">
              <result name="question">question.jsp</result>
              <result name="questi">questionti.jsp</result>
              <result name="select" type="redirectAction">question_selectList</result>
              <result name="setti">setti.jsp</result>
            </action>      
         </package>
         <package name="quesing" extends="struts-default">
          <action name="quesing_*" class="com.exam.action.papsonQuestions" method="{1}">
             <result name="set">testPaperfind.jsp</result>
          </action>
         </package>
         
        <constant name="struts.i18n.encoding" value="gbk"></constant> 
    </struts>