<?xml version="1.0" encoding="utf-8"?>
<!DOCTYPE hibernate-mapping PUBLIC "-//Hibernate/Hibernate Mapping DTD 3.0//EN"
"http://hibernate.sourceforge.net/hibernate-mapping-3.0.dtd">
<!-- 
    Mapping file autogenerated by MyEclipse Persistence Tools
-->
<hibernate-mapping>
    <class name="com.exam.pojo.Student" table="student" schema="dbo" catalog="ex">
        <id name="sid" type="java.lang.Integer">
            <column name="sid" />
            <generator class="assigned" />
        </id>
        <property name="sname" type="java.lang.String">
            <column name="sname" not-null="true" />
        </property>
        <property name="loginuser" type="java.lang.String">
            <column name="loginuser" not-null="true" />
        </property>
        <property name="password" type="java.lang.String">
            <column name="password" not-null="true" />
        </property>
        <property name="ssex" type="java.lang.String">
            <column name="ssex" length="2" not-null="true" />
        </property>
        <property name="sbirthday" type="java.lang.String">
            <column name="sbirthday" />
        </property>
        <property name="sphone" type="java.lang.String">
            <column name="sphone" />
        </property>
        <property name="sclass" type="java.lang.Integer">
            <column name="sclass" />
        </property>
        <property name="sidcard" type="java.lang.String">
            <column name="sidcard" length="18" />
        </property>
        <property name="jid" type="java.lang.Integer">
            <column name="jid" not-null="true" />
        </property>
    </class>
</hibernate-mapping>
