<?xml version="1.0" encoding="utf-8"?>
<!DOCTYPE hibernate-mapping PUBLIC "-//Hibernate/Hibernate Mapping DTD 3.0//EN"
"http://hibernate.sourceforge.net/hibernate-mapping-3.0.dtd">
<!-- 
    Mapping file autogenerated by MyEclipse Persistence Tools
-->
<hibernate-mapping>
    <class name="com.exam.pojo.TestPaper" table="testPaper" schema="dbo" catalog="ex">
        <id name="tid" type="integer">
            <column name="tid" />
            <generator class="assigned" />
        </id>
        <property name="sid" type="integer">
            <column name="sid" />
        </property>
        <property name="tname" type="string">
            <column name="tname" length="50" />
        </property>
        <property name="testType" type="string">
            <column name="testType" length="50" />
        </property>
        <property name="cla" type="string">
            <column name="cla" />
        </property>
        <property name="score" type="integer">
            <column name="score" />
        </property>
        <property name="testTime" type="timestamp">
            <column name="testTime" length="23" />
        </property>
        <property name="stime" type="integer">
            <column name="stime" />
        </property>
        <property name="state" type="integer">
            <column name="state" />
        </property>
    </class>
</hibernate-mapping>
