<?xml version="1.0" encoding="utf-8"?>
<!DOCTYPE hibernate-mapping PUBLIC "-//Hibernate/Hibernate Mapping DTD 3.0//EN"
"http://hibernate.sourceforge.net/hibernate-mapping-3.0.dtd">
<!-- 
    Mapping file autogenerated by MyEclipse Persistence Tools
-->
<hibernate-mapping>
    <class name="com.pojo.Adminuser" table="adminuser" schema="dbo" catalog="ex">
        <id name="aid" type="java.lang.Integer">
            <column name="aid" />
            <generator class="native" />
        </id>
        <property name="jid" type="java.lang.Integer">
            <column name="jid" not-null="true" />
        </property>
        <property name="loginuser" type="java.lang.String">
            <column name="loginuser" not-null="true" />
        </property>
        <property name="password" type="java.lang.String">
            <column name="password" not-null="true" />
        </property>
    </class>
</hibernate-mapping>
