<?xml version="1.0" encoding="UTF-8" ?>
<!DOCTYPE struts PUBLIC "-//Apache Software Foundation//DTD Struts Configuration 2.1//EN" "http://struts.apache.org/dtds/struts-2.1.dtd">
<struts>
	<package name="dl" extends="struts-default">
	<action name="ac" class="com.wb.actions.LoginAction">
	<result name="index">index.jsp</result>
	<result  name="login">login.jsp</result>
	</action>
	</package>
	<package name="tk" extends="struts-default">
	<action name="ttk" class="com.wb.actions.TikuAction">
	<result name="tiku">tiku.jsp</result>
	<result name="tklb">tikulb.jsp</result>
	
	</action>
	</package>
	
</struts>    
