<?xml version='1.0' encoding='UTF-8'?>
<!DOCTYPE hibernate-configuration PUBLIC
          "-//Hibernate/Hibernate Configuration DTD 3.0//EN"
          "http://hibernate.sourceforge.net/hibernate-configuration-3.0.dtd">
<!-- Generated by MyEclipse Hibernate Tools.                   -->
<hibernate-configuration>

	<session-factory>
		<property name="dialect">
			org.hibernate.dialect.SQLServerDialect
		</property>
		<property name="connection.url">
			jdbc:sqlserver://127.0.0.1:1433;DatabaseName=ex
		</property>
		<property name="connection.username">sa</property>
		<property name="connection.password">775800</property>
		<property name="connection.driver_class">
			com.microsoft.sqlserver.jdbc.SQLServerDriver
		</property>
		<property name="show_sql">true</property>
		<property name="hbm2ddl.auto">update</property>
		<mapping resource="com/test/Fz/Juese.hbm.xml" />
		<mapping resource="com/test/Fz/Adminuser.hbm.xml" />
		<mapping resource="com/test/Fz/Teacher.hbm.xml" />
		<mapping resource="com/test/Fz/Student.hbm.xml" />
		<mapping resource="com/test/Fz/Question.hbm.xml" />
		<mapping resource="com/test/Fz/Paper.hbm.xml" />
		<mapping resource="com/test/Fz/Paperinfo.hbm.xml" />
		<mapping resource="com/test/Fz/Subject.hbm.xml" />
	</session-factory>

</hibernate-configuration>