<?xml version="1.0" encoding="UTF-8"?>
   <!DOCTYPE struts PUBLIC
	"-//Apache Software Foundation//DTD Struts Configuration 2.1//EN"
	"http://struts.apache.org/dtds/struts-2.1.dtd">
	
	<struts>
	<!-- 控制页面自动换行的问题 -->
<constant name="struts.ui.theme" value="simple" /> 
<constant name="struts.ui.templateDir" value="template" /> 
<constant name="struts.ui.templateSuffix" value="ftl" /> 
  
		<package name="login" extends="struts-default">		
			<action name="login_*" class="com.Action.Ac" method="{1}">
			<result name="zhu">/index.jsp</result>
			<result name="login">login.jsp</result>
			<result name="tkgl">tikuGL.jsp</result>
			<result name="tkdy">Tiku.jsp</result>
			<result name="tmglt">TmglT.jsp</result>
		 <result name="nn" type="redirectAction">login!TKa</result>
			</action>
		
		</package>
	</struts>