<?xml version="1.0" encoding="utf-8"?>
<!DOCTYPE hibernate-mapping PUBLIC "-//Hibernate/Hibernate Mapping DTD 3.0//EN"
"http://hibernate.sourceforge.net/hibernate-mapping-3.0.dtd">
<!-- 
    Mapping file autogenerated by MyEclipse Persistence Tools
-->
<hibernate-mapping>
    <class name="com.pojo.Paper" table="paper" schema="dbo" catalog="ex">
        <id name="pid" type="java.lang.Integer">
            <column name="pId" />
            <generator class="native" />
        </id>
        <property name="ptype" type="java.lang.String">
            <column name="pType" length="30" not-null="true" />
        </property>
        <property name="suname" type="java.lang.String">
            <column name="suname" length="20" not-null="true" />
        </property>
        <property name="ptitle" type="java.lang.String">
            <column name="pTitle" length="50" not-null="true" />
        </property>
        <property name="ptotal" type="java.lang.Double">
            <column name="pTotal" precision="53" scale="0" not-null="true" />
        </property>
        <property name="ptime" type="java.lang.Integer">
            <column name="pTime" not-null="true" />
        </property>
        <property name="ptotalNum" type="java.lang.Integer">
            <column name="pTotalNum" not-null="true" />
        </property>
        <property name="pone" type="java.lang.Integer">
            <column name="pOne" not-null="true" />
        </property>
        <property name="pstate" type="java.lang.Integer">
            <column name="pState" not-null="true" />
        </property>
        <property name="classname" type="java.lang.String">
            <column name="classname" length="50" />
        </property>
        <property name="examtime" type="java.lang.String">
            <column name="examtime" length="50" />
        </property>
        <set name="question" table="paperinfo" lazy="false">
        	<key column="pid" />
        	<many-to-many class="com.pojo.Question" column="qid" not-found="ignore"></many-to-many>
        </set>
    </class>
</hibernate-mapping>
