<?xml version='1.0' encoding='UTF-8'?>
<!DOCTYPE hibernate-configuration PUBLIC
          "-//Hibernate/Hibernate Configuration DTD 3.0//EN"
          "http://hibernate.sourceforge.net/hibernate-configuration-3.0.dtd">
<!-- Generated by MyEclipse Hibernate Tools.                   -->
<hibernate-configuration>

<session-factory>
	<property name="myeclipse.connection.profile">aikao</property>
	<property name="connection.url">
		jdbc:sqlserver://localhost:1433;DatabaseName=aikao
	</property>
	<property name="connection.username">sa</property>
	<property name="connection.password">123456</property>
	<property name="connection.driver_class">
		com.microsoft.sqlserver.jdbc.SQLServerDriver
	</property>
	<property name="dialect">
		org.hibernate.dialect.SQLServerDialect
	</property>
	<property name="show_sql">true</property>
	<property name="hbm2ddl.auto">update</property>
	<mapping resource="com/aikao/pojos/Juese.hbm.xml" />
	<mapping resource="com/aikao/pojos/Student.hbm.xml" />
	<mapping resource="com/aikao/pojos/Teacher.hbm.xml" />
	<mapping resource="com/aikao/pojos/Paperinfo.hbm.xml" />
	<mapping resource="com/aikao/pojos/Subject.hbm.xml" />
	<mapping resource="com/aikao/pojos/Paper.hbm.xml" />
	<mapping resource="com/aikao/pojos/Question.hbm.xml" />
	<mapping resource="com/aikao/pojos/Adminuser.hbm.xml" />
	<mapping resource="com/aikao/pojos/View1.hbm.xml" />

</session-factory>

</hibernate-configuration>