<?xml version="1.0" encoding="UTF-8"?>
 <!DOCTYPE struts PUBLIC
	"-//Apache Software Foundation//DTD Struts Configuration 2.1//EN"
	"http://struts.apache.org/dtds/struts-2.1.dtd">
<struts>
  <package name="user" extends="struts-default">
  <!--========================用户登录操作================================ -->
   <action name="user" class="com.aikao.actions.userAction">
    <!--    <result name="show" type="redirectAction">test!testshow</result> --> 
        <result name="login">/login.jsp?isdl=dlsb</result>
        <result name="index">/index.jsp</result>
   </action>
 <!--========================教师操作================================ -->
   <action name="teacher" class="com.aikao.actions.teacherAction">
        <result name="showinfor">/teacher.jsp</result>
        <result name="toshowinfor" type="redirectAction">teacher!select</result>
   </action>
  <!--========================试题操作================================ -->
   <action name="question" class="com.aikao.actions.questionAction">
        <result name="show">/question.jsp</result>
        <result name="ques">/question_1.jsp</result>
        
        
   </action>
</package>

</struts>